"company","website","hq","segment","markets","size","evidence","evidence_url","hook","target_titles","fit","fit_reason"
"Agilitas Energy","agilitasenergy.com","Wakefield, MA","1","NY, MA, RI (ISO-NE/NYISO); ERCOT (Houston); Puerto Rico; >1 GW across 110 projects","mid","Commissioned a 9.96 MW / 22.4 MWh distribution-connected BESS in Houston, the first DG battery on CenterPoint's system in ERCOT (2025-06)","https://agilitasenergy.com/agilitas-energy-commissions-energy-storage-system-in-houston/","2025-07: bought a permitted 12.5 MW solar project in North Smithfield, RI (COD end-2026) while pushing its Northeast distributed storage model into ERCOT","VP Development; Director of Energy Storage Development; Director of Interconnection","3","Many small distributed storage and solar sites across several utilities; screening, design and pro forma are its daily work"
"Convergent Energy + Power","convergentep.com","New York, NY","1","NYISO (NYC: Bronx, Brooklyn, Queens), CAISO, Puerto Rico; C&I and utility customers","mid","Closed an NY Green Bank interconnection facility funding 10+ upcoming NYC battery systems; eleven 5 MW / 20 MWh BESS in permitting/construction for 2027 (2025-12-03)","https://convergentep.com/news/convergent-closes-multimillion-dollar-interconnection-facility","2025-12-03: NY Green Bank facility is paying interconnection costs on its NYC pipeline, so it is choosing and costing sites now","VP Development; Director of Interconnection; Head of C&I Origination","2","Storage-only developer doing both behind-the-meter and front-of-meter work; many small urban sites, but a long-established in-house team"
"Catalyze","catalyze.com","Houston, TX","1","NY, IL, CA, VA and other states (community solar, C&I rooftop, public sector, storage)","mid","Closed RBC tax equity for a 100 MW portfolio of 18 community and C&I solar projects in NY, IL, CA and VA with COD 2026-27 (2026-01-26)","https://catalyze.com/2026/01/26/catalyze-closes-100-mw-distributed-solar-tax-equity-financing-with-rbc/","2026-01-26: RBC close funds its 2026-27 build; 2026-04 its Pavilion community solar project won an E+E Leader award","VP Origination; Director of Development; Director of Energy Storage","2","Distributed IPP with many small sites and storage ambitions; cites its own proprietary deployment technology, so screening/pro forma is an add-on sale"
"ForeFront Power","forefrontpower.com","San Francisco, CA","1","CA and national; C&I, public sector, community solar (Mitsui-owned)","mid","Developed a 27 MWdc behind-the-meter solar-plus-storage portfolio for the City of Fresno's water and wastewater plants; won two 2026 E+E Leader awards (2026-04-22)","https://www.businesswire.com/news/home/20260422882208/en/ForeFront-Power-and-the-City-of-Fresno-Calif.-Earn-Two-2026-EE-Leader-Awards-for-Developing-the-Largest-Commercial-Solar-and-Battery-Storage-Portfolio-in-the-U.S.","2026-07: developing Porterville USD solar carport + 408 kW / 1.63 MWh battery + islandable microgrid + EV bus charging","VP Development; Director of Energy Storage; Director of Public Sector Origination","2","Behind-the-meter solar + storage + microgrid + EV projects match the guided builds; Mitsui backing means an existing engineering bench"
"Sparkfund","sparkfund.com","Washington, DC","1","MN (Xcel Capacity*Connect); utilities and large-load customers nationally","small","MN PUC approved Xcel's 200 MW Capacity*Connect program: 1-3 MW front-of-meter batteries at C&I/nonprofit host sites by 2028, deployed with Sparkfund (2026-04-02)","https://mgrid.org/2026/04/02/minnesota-puc-approves-xcel-energys-200-mw-distributed-battery-program-for-430-million/","2026-04-02: approval starts deployment; Sparkfund's role is to evaluate, select and secure host sites for up to 200 MW of 1-3 MW batteries on Xcel's grid by 2028","VP Deployment; Director of Site Acquisition; Head of Utility Programs","3","Its job is to screen and secure distribution-grid battery sites at volume, with layout and host economics for each"
"Madison Energy Infrastructure","madisonei.com","New York, NY","1","30+ states; CO, MI, PA, NY and more (C&I, community solar, standalone storage); EQT-backed","mid","Launched a 1 GW 'Community Infrastructure' initiative (up to $2B) incl. 50 MW standalone storage in CO and 13 MW solar + 8.75 MW storage in Niles, MI (2026-09)","https://www.pv-tech.org/madison-energy-launches-1gw-der-community-initiative/","2026-09: aims to double its footprint by 2028 after buying NextEra's distributed-generation development platform","VP Development; Director of Origination; Director of Interconnection","1","Large pipeline (600+ projects), EQT-backed and growing by acquisition; likely has tooling, so a longer shot"
"EnerSmart Storage","enersmartstorage.com","San Diego County, CA","1","CAISO / SDG&E territory (San Diego County: 11 projects, 156 MW)","small","Sold the 3 MW Mesa Heights standalone BESS (Kearny Mesa, San Diego) to Dispatch Energy and will install it (2026-03-30)","https://www.dispatchenergy.com/post/dispatch-energy-accelerates-national-expansion-with-battery-storage-project-in-california","2026-03-30: Mesa Heights sale; still carrying about 10 more San Diego County sites (La Mesa, Alpine, Ramona, El Cajon, Carlsbad...)","CEO; VP Development; Director of Interconnection","3","Small distributed-BESS developer that sells projects; hosting-capacity screening, layout and revenue model are its core workflow"
"Dispatch Energy","dispatchenergy.com","New York, NY","1","CA, CT and national; distributed solar, fuel cells, storage (>$1.5B operating assets)","mid","Acquired the 3 MW Mesa Heights standalone BESS in transmission-constrained San Diego County as part of a national expansion (2026-03-30)","https://www.dispatchenergy.com/post/dispatch-energy-accelerates-national-expansion-with-battery-storage-project-in-california","2026-03-30: CEO says battery storage is the fastest way to add electrons, and the company is buying distributed BESS nationally","VP Development & Acquisitions; Director of Energy Storage; Head of Origination","2","Distributed-asset IPP buying storage projects; needs fast grid, value-stack and pro forma diligence on each deal"
"Summit Ridge Energy","srenergy.com","Arlington, VA","2","IL, MD, VA and other community-solar states","mid","Completed a 1.62 MW rooftop community solar project in Melrose Park, IL with LBA Logistics and Black Bear Energy (2026-05)","https://www.globenewswire.com/news-release/2026/05/07/3290412/0/en/summit-ridge-energy-and-black-bear-energy-celebrate-a-new-illinois-shines-community-solar-rooftop-project-hosted-by-lba-logistics.html","2026-02: The Libman Company subscribed to seven Summit Ridge IL projects (17.5 MW) due online late 2026","VP Development; Director of Interconnection; Head of Real Estate & Origination","2","Steady flow of community solar sites in IL/MD/VA; a large owner-operator, so it may already have GIS staff"
"Pivot Energy","pivotenergy.net","Denver, CO","2","CO, DE, HI, IL, MD, MN, NY, VA (community solar + supporting storage)","mid","Warren County, IL board approved four Pivot community solar projects totalling 16.7 MWac (2026-07)","https://977wmoi.com/2026/07/warren-county-board-approves-pivot-energy-community-solar-projects/","2026-07: new IL county approvals, building on a $200M tax-credit sale for a 144 MWdc portfolio across 8 states (2025-05)","VP Development; Director of Energy Storage; Director of Interconnection","2","Multi-state community solar + storage with high site volume; around 200 staff and established processes"
"New Leaf Energy","newleafenergy.com","Lowell, MA","2","Northeast, MD, VA, IL, CA; pipeline 8.4 GW solar + 6.4 GW / 25 GWh storage","mid (~150 in MA)","Altus Power acquired five Virginia community solar projects (32 MW, APCo shared solar) developed by New Leaf (2026-07-21)","https://www.businesswire.com/news/home/20260721965988/en/Altus-Power-Partners-with-New-Leaf-Energy-on-Development-of-Five-Community-Solar-Projects-in-Virginia","2026-07-21: the Altus deal shows its develop-and-sell model working in a new state (VA)","VP Development; Director of Energy Storage Development; Interconnection Manager","3","Develop-and-sell shop that makes its money on early-stage screening, layouts and interconnection; storage-heavy pipeline"
"BlueWave","bluewave.energy","Boston, MA","2","MA, ME, NY + projects in 11 states; agrivoltaics, solar+storage, standalone BESS (Axium-owned)","mid","Raised $247M (with parent Axium Infrastructure) to advance ready-to-build solar and storage projects and new initiatives (2025-07-31)","https://renewablesnow.com/news/us-solar-storage-firm-bluewave-banks-usd-247m-to-advance-pipeline-1279359/","2026-05-26: Conway, MA residents questioned the battery in BlueWave's 20-acre solar plan; local siting pushback on storage","VP Development; Director of Energy Storage; Permitting & Community Engagement Lead","3","Mid-size solar+storage developer facing permitting friction; site design and early screening address a visible pain"
"Dimension Energy","dimension-energy.com","Atlanta, GA","2","IL, NJ, NY, PA, CA, MD and more (14 markets, 3.5 GW in development)","mid","Closed $650M construction/term financing for 25 community solar projects (132 MW) in PA, NY, NJ and IL (2026-04-01)","https://pv-magazine-usa.com/2026/04/01/dimension-energy-announces-650-million-in-new-financing-for-community-solar/","2026-04-01: its largest financing yet; 3.5 GW under development across 14 markets means heavy early-stage screening load","VP Development; Director of Origination; Director of Interconnection","2","High-volume community solar pipeline suits screening at scale; likely some in-house GIS already"
"Kearsarge Energy","kearsargeenergy.com","Boston, MA","2","MA, MN, DE, NH, NY, CT, RI (municipal, landfill, standalone BESS)","small","Commissioned 88 MW of distributed solar and storage in the Northeast, plus 70 MWh of 2026 municipal BESS in MA (Concord, Middleborough, Chicopee, Walpole) (2026-07-01)","https://pv-magazine-usa.com/2026/07/01/kearsarge-energy-commissions-88-mw-of-distributed-solar-and-storage-in-u-s-northeast/","2026-07: 160+ MW more by end-2026, first projects in MN, DE, NH, NY, CT and RI; 200 MWh of construction planned for 2027","VP Development; Director of Energy Storage; Head of Municipal Partnerships","3","Small distributed-generation developer entering new states; needs hosting-capacity screening and storage modelling without hiring a GIS team"
"TurningPoint Energy","turningpoint-energy.com","Denver, CO","2","IL, DE and national; 1.5 GW solar, community solar and storage operating or in development","small","Partnered with Standard Solar on two 5.6 MW community solar projects in Kent and Sussex counties, DE (11.2 MW, COD 2027) (2026-01)","https://www.solarpowerworldonline.com/2026/01/standard-solar-turningpoint-energy-spearhead-delaware-community-solar-portfolio/","2026-06-17: with Nexamp, commissioned community solar on former coal-mine land in Minonk, IL; 600+ MW community solar still in development","VP Development; Director of Community Solar; Director of Energy Storage","3","Small develop-and-partner shop with a large community solar pipeline; fits the whole parcel-to-financing workflow"
"Solar Landscape","solarlandscape.com","Asbury Park, NJ","2","NJ, IL (rooftop community solar)","mid","Built 82% of the New Jersey community-solar rooftop projects energized in 2025 (company claim)","https://solarlandscape.com/new-jersey/","2026-07: with ComEd and Public Storage announced 60 rooftop community solar sites (44 MW) across northern Illinois","VP Development; Director of Interconnection; Head of Real Estate Partnerships","2","Rooftop community solar at high volume where each roof needs a capacity check; builds in-house, so less need for design tools"
"Renewable Properties","renewprop.com","San Francisco, CA","2","17 states incl. CA, NY, IL, MN; small utility-scale, community solar, storage, EV depots (1.7 GW, 240 projects)","small","Luminace acquired a 9.3 MWdc Illinois community solar portfolio (County Line, Bemes Road) from Renewable Properties (2026-01-29)","https://pv-magazine-usa.com/2026/01/29/luminace-adds-9-3-mw-to-illinois-community-solar-pipeline-with-renewable-properties-acquisition/","2026-04-29: bought 118 MW of First Solar modules for projects in 17 states (CA 51 MW, NY 20 MW, IL 8 MW)","VP Development; Director of Energy Storage; Director of EV Infrastructure","3","Small team with a 240-project pipeline across solar, storage and EV depots, covering most of the platform's modules"
"Cenergy Power","cenergypower.com","Carlsbad, CA","2","CA, IL, ME and national; distributed and small utility-scale solar (450 MW installed)","small","Sold two Illinois community solar projects (6.7 MW Worden, 2.4 MW Zion Park District) to Standard Solar (2025-11-18)","https://standardsolar.com/news/standard-solar-acquires-two-additional-illinois-community-solar-projects-from-cenergy-power-adding-nearly-9-mw-to-portfolio/","Moving to become an IPP, with Aiga Capital preferred equity backing a 300+ MW portfolio (2025-01)","VP Development; Director of Project Finance; Engineering Manager","2","Distributed solar developer with in-house engineering/EPC (less CAD need); screening, storage sizing and pro forma still fit"
"Syncarpha Capital","syncarpha.com","New York, NY","2","MA, MD, ME, MN, NY (community solar + storage)","small","First Maryland community solar project (SynerGen Panorama III, 6.4 MWdc) received permission to operate for BGE customers (2025-12-19)","https://www.prnewswire.com/news-releases/syncarpha-capital-turns-on-first-community-solar-project-in-maryland-synergen-panorama-iii-llc-302646814.html","2026-09-24: Maryland PSC pre-hearing conference on its 5 MW Syncarpha Thurmont solar CPCN (Frederick County)","Managing Director, Development; VP Development; Director of Energy Storage","3","Small distributed solar+storage platform (e.g. Carver, MA 7.1 MW + 4 MW/8 MWh) across five states without a large in-house team"
"SunVest Solar","sunvest.com","Chicago, IL","2","IL, MN, ME + 18 states; 2 GW development pipeline","small","Closed a $67M capital raise and tax credit transfer to start 75 MW of solar and solar+storage in IL and MN, incl. 30 MW of batteries (2026-04)","https://www.sunvest.com/press-release/sunvest-solar-closes-67m-capital-raise-and-tax-credit-transfer/","2026-04: targeting >280 MW operational by end-2026 and adding storage to its community solar","VP Development; Director of Energy Storage; Director of Interconnection","3","Small-mid community solar developer now adding batteries; 2 GW / 18-state pipeline needs screening and storage modelling"
"GridStor","gridstor.com","Portland, OR","3","CAISO, ERCOT, AZ, CO, SPP (OK); Goldman Sachs Asset Management-backed","mid","Acquired the 199 MW / 796 MWh Birdseye BESS (Adams County, CO) from Accelergen, its fifth acquisition in 18 months (2026-05)","https://gridstor.com/gridstor-acquires-colorado-battery-energy-storage-project-from-accelergen/","2026-09: closed $220M financing for its 100 MW / 400 MWh White Tank BESS in Maricopa County, AZ (online H1 2027)","VP Origination & Acquisitions; Director of Development; Director of Interconnection","2","Buys early/mid-stage BESS from small developers, which needs repeated grid, layout and revenue diligence; well-staffed"
"Spearmint Energy","spearmintenergy.com","Miami, FL","3","ERCOT, MISO (MN)","small","Closed about $450M of financing for Red Egret, a 300 MW / 600 MWh standalone BESS in Texas City, TX (2026-05-21)","https://www.businesswire.com/news/home/20260521541432/en/Spearmint-Energy-Secures-Approximately-%24450-Million-in-Project-Financings-for-600-MWh-Battery-Energy-Storage-in-ERCOT","2026-07-16: MN PUC site permit for the 150 MW / 600 MWh Midwater BESS in Freeborn County, its move into MISO","VP Development; Director of Interconnection; Head of Origination","2","Independent BESS developer entering a new ISO; screening + value-stack modelling fit, but it runs utility-scale projects"
"NineDot Energy","nine.energy","New York, NY","3","NYISO / Con Edison (NYC: Bronx, Staten Island and other boroughs)","small","Closed $431M Natixis financing for 28 community-scale battery projects in New York City (2026-02-09)","https://www.businesswire.com/news/home/20260209595778/en/NineDot-Energy-Completes-$431-Million-Financing-With-Natixis-Corporate-Investment-Banking-For-28-Battery-Energy-Storage-Projects-In-New-York-City","2026-09-24: unveiled its largest site (~20 MW) in Hunts Point, Bronx; goal of 400 MW operating, in construction or in development by end-2026","VP Development; Director of Interconnection; Head of Real Estate","3","Dozens of small urban BESS sites where Con Ed hosting capacity, siting and layout decide feasibility"
"Fullmark Energy (formerly Hecate Grid)","fullmarkenergy.com","Chicago, IL","3","CAISO, ERCOT, Mid-Atlantic/PJM; 4 GW pipeline (InfraRed Capital-backed)","small","San Jacinto 65 MW / 130 MWh BESS (Banning, CA) reached commercial operation, completing its 125 MW Redwood portfolio (2025-11-07)","https://fullmarkenergy.com/newsroom/fullmark-energy-announces-completion-of-redwood-projects-portfolio-with-commercial-operations-of-65mw-san-jacinto-energy-storage-project","2025-11-18: $46M ITC transfer for Redwood; next it has to turn a 4 GW CA/TX/Mid-Atlantic pipeline into sites","VP Development; Director of Interconnection; Head of Origination","2","Standalone BESS developer with a big pipeline; it already has in-house dispatch simulation, so lead with screening and site design"
"Eolian","eolianenergy.com","Burlingame, CA","3","ERCOT, PJM (OH), Pacific NW; co-located large-load projects (GIP/BlackRock-owned)","small","Started construction on Flint Grid, a 200 MW / ~1.06 GWh BESS in Licking County, OH next to New Albany data centers, PJM's largest (2026-07-29)","https://www.prnewswire.com/news-releases/eolian-announces-1-gwh-flint-grid-bess-pjms-largest-battery-energy-storage-project-now-under-construction-to-support-americas-fastest-growing-data-center-and-industrial-corridor-near-columbus-ohio-302837697.html","2026-01: monetized its Texas BESS grid connection for a new co-located data center, pairing storage and large loads","VP Development; Head of Large Load Partnerships; Director of Interconnection","2","BESS + co-located data-center strategy matches grid screening and compute-campus screening; experienced, well-funded team"
"Peregrine Energy Solutions","peregrineenergysolutions.com","Boulder, CO","3","ERCOT focus; 53 projects across 13 states (~7 GW)","small","Announced a $400M BESS on 42 acres in Harrison County, TX (construction before end-2027, operation 2028) (2026-01-16)","https://marshallnewsmessenger.com/2026/01/16/400m-battery-energy-storage-facility-planned-in-harrison-county/","2025-10-22: raised $130M (Korea Ministry of Environment, IMM, Woori PE, AB CarVal) to bring more projects online","VP Development; Director of Interconnection; Director of Engineering","3","Young, newly funded BESS developer with ~50 projects in progress; screen, design, model and finance is its whole job"
"Key Capture Energy","keycaptureenergy.com","Albany, NY","3","NYISO, MISO, ERCOT, ISO-NE (CT); 600 MW operating, 8 GW pipeline (SK-owned)","mid","Connecticut Siting Council approved two of its eight 5 MW BESS (Windsor Locks, East Hampton), both to operate in 2026","https://hartfordbusiness.com/article/key-captures-400-mw-battery-energy-storage-projects-seen-as-key-to-cts-renewable-energy/","2026-08-18: closed a $300M letter of credit facility with Standard Chartered, near-term focus on NYISO and MISO","VP Development; Director of Interconnection; MISO Development Lead","2","MISO push and small CT distribution projects both benefit from screening; established team and SK backing"
"Lightshift Energy","lightshift.com","Arlington, VA","3","ISO-NE (MA munis, VT), PJM (VA co-ops/munis); distribution-connected storage","small","Deployed six battery projects (23+ MW) for Massachusetts municipal light departments: Georgetown, Ipswich, Groton, Princeton, Ashburnham, Marblehead (2026-06-22)","https://www.morningstar.com/news/business-wire/20260622969127/lightshift-energy-deploys-six-new-battery-storage-projects-in-massachusetts","2026-09-18: FlexGen partnership on 10 new projects (55 MW / 200 MWh) in MA, VA and VT, incl. a 16 MW behind-the-meter system for GlobalFoundries","VP Development; Director of Utility Partnerships; Director of Interconnection","3","Small developer of many distribution-scale batteries for munis/co-ops; each feeder has to be screened, sized and modelled"
"Plus Power","pluspower.com","Houston, TX","3","ERCOT, AZ, HI, ME/MA (ISO-NE), NM, TVA (AL); ~1,650 MW / 4,150 MWh operating","mid","Cross Town Energy Storage in Gorham, ME began operating, the largest of its kind on ISO-NE (2026-02)","https://www.bangordailynews.com/2026/02/12/portland/portland-business/gorham-maine-cross-town-energy-battery-storage/","2026-04: 20-year TVA agreement for the 200 MW / 800 MWh Crawfish Creek BESS in Jackson County, AL, its 7th state and first in the Southeast","VP Development; Director of Origination (Southeast); Director of Interconnection","1","1.65 GW operating with a sophisticated in-house team; possible only for early screening in new markets"
"Balanced Rock Power","balancedrockpower.com","Moab, UT","3","TX (ERCOT), NV, UT, CO, CA, ID, SD, AZ","small","Sold the 150 MW / 300 MWh Hidden Lakes BESS (Hidalgo County, TX) to GridStor, its second sale to GridStor (2025-02)","https://gridstor.com/gridstor-announces-acquisition-of-texas-battery-energy-storage-project-from-balanced-rock-power/","2025-06-02: announced sale of the 150 MW Two Brothers BESS (its 3rd ERCOT BESS sold) and 2,625 MW of solar/BESS sold across 2024-25","CEO; VP Development; Director of Interconnection","3","Small greenfield develop-and-sell shop; its product is screened, laid-out and modelled projects"
"Hunt Energy Network","huntenergynetwork.com","Dallas, TX","3","ERCOT; 33 BESS / 420 MW incl. 32 distribution-level ~10 MW sites (Manulife-backed)","small","Acquired the 100 MW / 200 MWh Fort Duncan BESS (Eagle Pass, TX) from Recurrent Energy, reaching 33 ERCOT batteries (2026-02-24)","https://www.prnewswire.com/news-releases/hunt-energy-network-acquires-100mw-battery-from-recurrent-energy-302695223.html","2026-02-24: says it is actively looking to acquire more BESS and generation assets in ERCOT near term","VP Development; Director of Acquisitions; Director of Interconnection","2","Many small distribution-connected sites, but has its own TraDER siting/optimization platform; lead with design, pro forma, O&M"
"Black Mountain Energy Storage","bmenergystorage.com","Fort Worth, TX","3","ERCOT, SPP, MISO, WECC; 25+ sites / 4 GW delivered","small","Applied for a zoning permit for a battery storage facility off Trickhambridge Rd in Brandon, MS (MISO) (2026-03)","https://www.wlbt.com/2026/03/17/brandon-votes-deny-battery-storage-companys-zoning-application/","2026-03-17: Brandon city board denied its zoning permit after a packed hearing, a siting setback that better pre-screening could avoid","VP Development; Director of Permitting & Community Engagement; Director of Interconnection","3","Small develop-and-sell BESS team across four ISOs (also the 300.9 MW Great Rock BESS in the ERCOT queue); early screening and layout decide which sites survive"
"Elevate Renewables (Elevate Infrastructure)","elevateinfra.com","","3","PJM (VA), NJ, NYISO (NYC) and others; 9 states, 12 GWh in development, 630 MWh operating (ArcLight-owned)","small","Acquired 150 MW / 600 MWh Prospect Power Storage (Rockingham County, VA) from Swift Current, PJM's largest standalone BESS, 15-yr Dominion PPA, COD mid-2026 (2026-01-16)","https://www.energyglobal.com/energy-storage/16012026/elevate-renewables-acquires-prospect-power-storage/","2026-04: $50M Rabobank facility for a battery project serving data centers; NJ BPU picked its 150 MW / 600 MWh Garden State Reliability Project","VP Development; Director of Interconnection; Head of Data Center Partnerships","2","Brownfield and data-center-adjacent storage across 9 states; screening + large-load angle fit; PE-owned team"
"SMT Energy","smtenergy.com","Boulder, CO","3","ERCOT (Houston area); >300 MW built with FlexGen","small","Houston IV, a 160 MW / 320 MWh BESS in ERCOT, was commissioned in six weeks with FlexGen (2026-09-09)","https://www.axpo.com/us/en/media-releases/smt-energy-and-axpo-partner-on-seven-year-battery-storage-swap-a.html","2026-07-07: seven-year, 120 MW Axpo swap on Houston IV (160 MW / 320 MWh, newly operational in ERCOT), which it says will help it advance more Texas BESS","CEO; VP Development; Director of Interconnection","3","Small ERCOT BESS developer building repeatable sites; screening, sizing and revenue models are directly usable"
"Electric Era","electricera.tech","Seattle, WA","4","16 states (battery-buffered DC fast charging); data centers (CoPower)","mid","Deployed battery-buffered DC fast chargers for customers in 16 states and launched its own Electric Era charging network","https://www.latitudemedia.com/news/electric-era-is-turning-its-ev-charging-tech-into-a-data-center-power-play/","2026-05-21: launched CoPower, owning behind-the-meter batteries that let data centers exceed grid limits; handles development, permitting and interconnection","VP Business Development; Director of Site Development; Head of CoPower","1","Mostly a hardware/network company; the new CoPower asset-owning line is where screening and modelling might fit"
"Terawatt Infrastructure","terawattinfrastructure.com","San Francisco, CA","4","CA (LA/port region, I-10) and national AV and heavy-duty fleet corridors","mid","Closed an up-to-$300M RBC-led facility to acquire and develop charging depots; owns real estate, power, chargers and software for AV and truck fleets (2026-06-24)","https://www.prnewswire.com/news-releases/terawatt-infrastructure-secures-300m-in-secured-debt-financing-to-expand-its-full-stack-autonomous-vehicle-infrastructure-platform-302808743.html","2026-06-24: new debt earmarked for depot acquisition and development, so it is selecting sites and power now","VP Real Estate & Development; Director of Utility Interconnection; Head of Site Acquisition","2","Real-estate-plus-power depot model needs grid-capacity screening per site; well-funded team"
"WattEV","wattev.com","Long Beach, CA","4","CA: Long Beach, San Bernardino, Bakersfield, Fresno, Oakland (Hwy 99 / I-710 corridors)","~54 (third-party est., 2026-03)","Opened its 7th heavy-duty truck depot in Fresno: 7 MCS + 15 x 240 kW chargers on PG&E Flex Connect up to 3.6 MW (2026-06-30)","https://www.globenewswire.com/news-release/2026/06/30/3319857/0/en/wattev-opens-heavy-duty-electric-truck-charging-depot-in-fresno-ca.html","2026-06-30: Fresno is the first of four NorCal depots; Oakland under construction; San Bernardino doubled to 11.5 MW (2026-02)","VP Infrastructure Development; Director of Utility Relations; Head of Site Acquisition","3","Small team building grid-constrained truck depots corridor by corridor (flexible connection, storage); screening + design + pro forma fit"
"Voltera","volterapower.com","Culver City, CA","4","11 US metros (Voltera: CA, TX, GA, AZ, FL; Revel: NYC); EQT majority owner","mid","Agreed to combine with Revel into one platform with 1,000+ charging stalls operating or in development for fleets, ride-hail and AVs (2026-05-26)","https://www.businesswire.com/news/home/20260526724412/en/Voltera-and-Revel-Announce-Combination-to-Create-Scaled-EV-Infrastructure-Platform-for-Fleet-and-Autonomous-Mobility","2026-05-26: merger closes under the Voltera name led by Frank Reig; building AV/robotaxi hubs in dense metros","VP Real Estate & Development; Director of Power & Interconnection; Head of Site Selection","2","Powered-real-estate hubs in 11 metros need grid screening per site; bigger after the merger and in integration"
"Forum Mobility","forummobility.com","San Francisco, CA","4","CA: Ontario, Oakland, Rancho Dominguez (port/freight corridors)","small","Broke ground on four California truck-charging depots adding 30 MW (MCS + CCS), bringing >40 MW online or under construction (2026-09-17)","https://www.prnewswire.com/news-releases/forum-mobility-will-bring-additional-30-mw-of-heavy-duty-ev-truck-charging-online-with-four-new-california-depots-cementing-its-position-as-one-of-the-largest-hd-infrastructure-providers-in-the-us-302881287.html","2026-09-17: Tesla will run public Megacharging at three of the four new depots; 330+ Tesla Semi reservations","VP Development; Director of Utility Interconnection; Head of Real Estate","3","Multi-MW depots where utility capacity decides the site; small team scaling quickly"
"EV Realty","evrealtyus.com","San Francisco, CA","4","CA: Inland Empire (San Bernardino, Ontario), Torrance","small","Opened a 9 MW, 76-port truck charging hub in San Bernardino serving 200+ trucks/day (2026-04-09)","https://www.globenewswire.com/news-release/2026/04/09/3271033/0/en/EV-Realty-Opens-Major-Truck-Charging-Hub-in-California-s-Inland-Empire-with-76-Ports-and-9-MW-of-Capacity.html","2026-09-17: bought an industrial property in Ontario, CA for its next Powered Properties hub; new President (ex-Prologis/Shell) expanding to new markets and verticals","President; VP Development; Director of Power & Interconnection","3","Calls itself a multi-MW infrastructure developer where grid power is the constraint; small team"
"Zeem Solutions","zeemsolutions.com","Inglewood, CA","4","CA (LAX, Long Beach), WA (SeaTac); developing more depots nationally","small","LAX fleet depot passed 350,000 charging sessions with 98% uptime; Long Beach and SeaTac depots opening (2026-05-04)","https://www.zeemsolutions.com/post/zeem-solutions-surpasses-350-000-charging-sessions-at-lax-depot-marking-a-new-phase-for-commercial-ev-charging","2026-05: opening Long Beach and SeaTac depots (SeaTac took about a year of utility and zoning work to secure) and developing more nationwide","VP Development; Director of Energy & Utility; Head of Real Estate","2","Depot developer whose SeaTac delays show the pre-screen pain; more operator than developer today"
"Francis Energy","francisenergy.com","Tulsa, OK","4","OK + mid-continent; developing fast-charging in 24 states","mid","Leads Tesla's Supercharger for Business program nationally with 100 stalls at 17 Oklahoma sites; ~880 DC ports at 180+ locations (2026-06-15)","https://evchargingstations.com/chargingnews/francis-energy-teslas-superchargers/","2026-06-15: more Oklahoma and out-of-state sites scheduled to come online in 2026; aiming for statewide networks across the mid-continent by 2028","Chief Strategy Officer; VP Site Development; Director of Utility Relations","2","Many-site fast-charging rollout needs interconnection pre-screens; less need for BESS/financing modules"
"Highland Electric Fleets","highlandfleets.com","Beverly, MA","4","National electric school-bus EaaS (CO, ID, MA and more)","mid","Broke ground on the Cherry Creek School District (CO) electric bus depot with Xcel: bidirectional buses and 60 kW bidirectional chargers (2026-06-04)","https://www.prnewswire.com/news-releases/cherry-creek-school-district-to-partner-with-highland-electric-fleets-and-xcel-energy-on-electric-school-bus-project-302791557.html","2026-06: extra $75M preferred equity from Galvanize (total $150M) to speed up depots and enter new markets","VP Infrastructure; Director of Utility Engagement; Head of Project Development","2","Each district depot is a new site to screen and model (V2G value stack), but charger counts per site are small"
"Scale Microgrids","scalemicrogrids.com","Ridgewood, NJ","5","National (CA, PA, NY and others); C&I microgrids and data-center on-site power (EQT-backed)","mid","Acquired Reload, a powered-land platform for GW-scale data-center campuses, and signed a multi-hundred-MW on-site energy contract with a hyperscaler (2026-02-23)","https://www.businesswire.com/news/home/20260223451115/en/Scale-Acquires-Reload-to-Accelerate-Power-Delivery-for-the-Next-Generation-of-Data-Centers","2026-06: $4.2M CEC grant for a Santa Barbara City College solar+battery resilience microgrid; 2026-07 energized a 2.8 MWdc PA project","VP Development; Head of Data Center Solutions; Director of Microgrid Engineering","2","Microgrids + data-center power match the platform, but Reload brings its own siting software (Ensemble)"
"Cloverleaf Infrastructure","cloverleafinfra.com","Houston, TX / Seattle, WA","5","North America; powered land for hyperscale/AI (sold >7 GW, >10 GW pipeline)","small","Has sold more than 7 GW of powered-land projects since 2024 with a >10 GW pipeline built around transmission access and interconnection","https://www.cloverleafinfra.com/newsroom/cloverleaf-infrastructure-forms-strategic-partnership-with-nvidia-to-accelerate-data-center-infrastructure-development","2026-08-21: NVIDIA took a minority stake and formed a strategic partnership to build sites on its DSX reference design","VP Development; Head of Transmission & Interconnection; Director of Site Origination","2","Substation/line screening and campus screening are its core work; a small but very sophisticated team"
"Tract","tract.com","Denver, CO","5","AZ, TX, VA, IA, IL, NC and more; 25+ GW planned on 25,000 acres","mid","Bought 343 acres in Morris, IL for the 1 GW Morris Technology Park, first power targeted June 2028 (2026-01)","https://www.tract.com/news/tract-enters-greater-chicago-market-with-the-acquisition-of-343-acres-to-be-developed-as-a-1gw-data-center-campus-known-as-the-morris-technology-park/","2026-06-10: filed a pre-application for the 872-acre, ~900 MW Tuckahoe Technology Park in Goochland County, VA; Mooresville, NC campus also planned","VP Land & Power; Director of Utility Strategy; Head of Site Selection","1","Master-planned data-center land at very large scale with an experienced in-house land/power team; campus screening could still help"
"Lancium","lancium.com","The Woodlands, TX","5","ERCOT West Texas (Abilene, Childress, Hall County)","mid","With Crusoe, announced a 1.0 GW AI data-center campus in Childress, TX, construction starting Q3 2026 (2026-07-15)","https://lancium.com/2026/07/15/crusoe-and-lancium-announce-1-0-gigawatt-ai-data-center-campus-in-childress-texas/","2026-07-13: QTS will build up to 11 data centers on Lancium's Clean Campus in Hall County, with Lancium bringing its own solar + battery storage","VP Development; Director of Power Infrastructure; Head of Site Origination","2","Powered-land campuses with on-site solar/storage fit the screening, design and pro forma modules; sophisticated team"
"Prometheus Hyperscale","prometheushyperscale.com","","5","WY (Evanston/Uinta County, Casper), TX (I-35 corridor co-location)","small","Uinta County approved its 1.25 GW data-center campus on ranchland near Evanston, WY (2026-06-19)","https://www.kpcw.org/state-regional/2026-06-19/1-25gw-data-center-approved-on-ranchland-near-evanston-wyoming","2026-08-25: pushing ahead after opponents' legal challenge faded; ex-BP CEO Bernard Looney became CEO in 2026-04; Casper site in county review (2026-09)","CEO; VP Development; Director of Power & Energy","2","Small team developing several powered campuses; campus screening + financing modules apply"
"New Era Energy & Digital (NASDAQ: NUAI)","newerainfra.ai","Midland, TX","5","ERCOT (Ector County / Permian Basin)","small","Partnered with Stream Data Centers on its flagship 493-acre Texas Critical Data Centers campus near Odessa (2026-04-01)","https://www.businesswire.com/news/home/20260401723659/en/New-Era-Energy-Digital-Partners-with-Stream-Data-Centers-for-Flagship-TCDC-Campus","2026-08: secured Ector County construction permits and TCEQ grading approval; 207 MW Luminant PPA for Phase 1, ~757 MW across Phases 1-2","CEO; VP Development; Head of Power","2","Small public powered-land developer; compute-campus screening and financing workflow fit"
"Soluna Holdings (NASDAQ: SLNH)","solunacomputing.com","Albany, NY","5","ERCOT (Willacy County, Briscoe County / West TX), KY; data centers co-located with wind","small","Kati 1 (83 MW) in Willacy County, TX running at 48 MW with further phases in construction; RFP out for the first 100 MW+ of the 350+ MW Kati 2 AI campus (2026-06-09)","https://www.solunacomputing.com/news/monthly-update-june-2026/","2026-04-02: closed the $53M purchase of the 150 MW Briscoe Wind Farm for Dorothy 3 (300+ MW AI); 2026-06: Projects Annie (74 MW), Ellen, Hedy and Rosa in ERCOT interconnection/transmission studies","VP Development; Director of Energy Procurement; Head of Site Origination","3","Small public developer with several sites in ERCOT interconnection; siting compute behind curtailed renewables makes substation/line screening its thesis"
