"company","website","hq","type","size","known_tools","entry_team","wedge","risk","evidence_url","hook","fit"
"Nexamp","nexamp.com","Boston, MA","Developer/IPP","~600-700 (third-party estimates, 2026)","PVsyst, HelioScope, AutoCAD, PVcase, SIFT (engineering job posts)","DG/community-solar site origination and interconnection (regional development teams)","Screen dozens of small parcels and rooftops for hosting capacity and storage fit before the survivors go to its PVsyst/HelioScope engineers; storage add-on sizing and hourly dispatch for operating community-solar sites","Mature in-house engineering stack; must sit upstream of it (screening, proposals), not replace it","https://www.nexamp.com/article/nexamp-lands-300-million-facility-from-credit-agricole-cib-for-distributed-solar-and-storage-deployments | https://www.climatetechlist.com/job/lead-design-engineer-J7EOJvXkGirI5C","2026-06-09: closed a $300M Credit Agricole CIB aggregation facility to fund its distributed solar and storage construction pipeline","3"
"Altus Power","altuspower.com","Stamford, CT","Developer/IPP","~115-170 (113 at end-2024; ~166 third-party est. 2026)","HelioScope or PVsyst for sizing/production and Aurora experience cited (Stamford Solar Designer job post)","Acquisitions/origination and the small in-house solar design team","A lean team buying and building many small rooftop, carport and community-solar sites: fast diligence screening, storage add-on sizing and a pro forma per site","TPG-owned and cost-focused; already licenses design tools; acquires portfolios as well as originating","https://www.businesswire.com/news/home/20260414064335/en/Altus-Power-Announces-Acquisition-of-Solar-Storage-Project-at-Croton-Harmon-Train-Station | https://www.terra.do/climate-jobs/job-board/solar-designer-job-at-altus-power-inc-in-stamford-8327810/","2026-04-14: acquired a 4.2 MW solar + 15 MWh storage carport project (Croton-Harmon station, NY); 2026-01-13: bought a 237 MW solar+storage portfolio from Greenbacker","3"
"PowerFlex (EDF power solutions North America)","powerflex.com","Los Altos, CA","Developer/IPP","~250-330 (third-party estimates, 2026)","HelioScope, AutoCAD, PVsyst (Project Engineer II job post); own energy-management platform PowerFlex X","C&I sales and solutions engineering for combined onsite solar + storage + EV charging sites","One early proposal that combines a capacity check, solar+storage+EV layout, dispatch and financing for multi-site C&I customers before detailed engineering","Owns its EMS/charging software (PowerFlex X), so part of the stack overlaps; EDF corporate procurement","https://www.powerflex.com/news/powerflex-surpasses-500-mw-solar-50-mwh-storage-and-50-000-ev-chargers-under-management | https://powerflex.applytojob.com/apply/v44X9evNKc/Project-Engineer-II","2025-11-12: passed 500 MW commercial solar, 50 MWh storage and 50,000 EV chargers under management","2"
"Ameresco","ameresco.com","Framingham, MA","Developer/IPP (ESCO)","1,601 (10-K, Dec 2025)","PVsyst, HelioScope, Aurora, Energy Toolbase, Xendee, HOMER Pro (Project Development Engineer job post); sells AssetPlanner (facility capital-planning software, not PV/BESS design)","Renewable Energy project development engineers (behind-the-meter solar, BESS, microgrid, EV) in regional offices","Collapse a six-tool early-development stack into one screening-to-pro-forma workflow for small public-sector and C&I sites","Established tool mix and long public-sector sales cycles; has its own software unit and may prefer to build","https://www.ameresco.com/ameresco-announces-50mw-battery-energy-storage-asset-to-enhance-resiliency-and-energy-security/ | https://www.theladders.com/job/project-development-engineer-ameresco-phoenix-az_86641044 | https://www.ameresco.com/asset-planning-software-solutions/","2025-10-16: its 50 MW/200 MWh behind-the-meter BESS for Nucor's Kingman (AZ) mill reached commercial operation; a 25 MWac solar addition is scheduled for 2026","2"
"Standard Solar","standardsolar.com","Rockville, MD","Developer/IPP (Brookfield-owned)","~140-170 (third-party estimates, 2026)","AutoCAD, PVsyst, HelioScope, SketchUp, PVcase (Senior Development Engineer job post)","Development engineering and community-solar acquisitions","Faster screening of acquisition and greenfield community-solar sites (hosting capacity, storage add-on, economics) before full engineering","Small team with an established stack; Brookfield platform procurement","https://www.businesswire.com/news/home/20260527244931/en/Standard-Solar-Expands-New-York-Community-Solar-Portfolio-with-Two-Project-Acquisition-from-EDF-power-solutions | https://climatechangejobs.com/jobs/633600852-senior-development-engineer","2026-05-27: acquired two New York community solar projects (~8 MW) from EDF power solutions","2"
"AES (AES Distributed Energy / community solar)","aes.com","Arlington, VA","Developer/IPP","~8,300 (2025)","","AES distributed energy / community solar development","Small-project screening and economics for community solar and C&I sites that a utility-scale development machine is not built for","Take-private pending (close expected late 2026/early 2027): new spend likely paused; very long enterprise procurement; utility-scale and data-center priorities","https://www.aes.com/energy-insights/consortium-led-global-infrastructure-partners-and-eqt-agrees-acquire-aes | https://www.aes.com/sites/vault/files/2025-05/Clean%20Energy%20Solutions%20CS%20&%20DG%20fact%20sheet%20Final%201%2013%2025.pdf","2026-03-02: agreed to be acquired by a Global Infrastructure Partners (BlackRock) and EQT-led consortium at $15/share (~$33.4B enterprise value)","1"
"EDPR NA Distributed Generation (EDP Renewables North America)","edprnadg.com","Houston, TX (parent EDPR NA)","Developer/IPP","not disclosed for the DG unit (parent EDPR NA >1,000)","","C&I origination for Fortune 100 multi-site programs; community-solar expansion teams in new states (IL, ME, MD)","Screen dozens of one corporate client's sites at once (capacity, layout, storage, savings) to turn multi-site programs into proposals fast","Part of the EDP group with corporate IT and procurement; current tools not public","https://edprnadg.com/resilience-growth-and-transformation-2025-year-review","2025-12-09: reported a record 70+ MWp built in 2025, 400+ MWp across 570+ active sites in 27 states, expanding into IL, ME and MD","3"
"Rosendin","rosendin.com","San Jose, CA","EPC/Electrical contractor","~12,000 (company figure; third-party ~7,800)","","Newly named Energy Group (BESS and substations) and preconstruction/estimating","Early BESS estimate/BOM and one-line packages for data-center and C&I battery bids before full engineering","Utility-scale and data-center focus; large contractor with in-house estimating; software is a small line item","https://www.rosendin.com/news-updates/rosendin-energy-group-names-new-leadership-to-drive-strategic-growth/","2026-02-19: named new leadership for its Energy Group to expand BESS and substation work (company cites 9.5 GWh of BESS installed)","2"
"Burns & McDonnell","burnsmcd.com","Kansas City, MO","EPC/Electrical contractor (engineering firm)","~13,500-16,000","PVsyst (utility-scale solar performance engineer job post)","Onsite power / microgrid group for C&I 'bring your own batteries' projects","Quick C&I BESS sizing, hourly dispatch and estimate for the smaller behind-the-meter projects its storage team expects in 2026","Sister consultancy 1898 & Co. sells planning and analytics and may see this as competing; long procurement","https://www.energy-storage.news/year-in-review-epc-burns-mcdonnell-on-data-centre-demand-feoc-and-energy-density/ | https://burnsmcd.jobs/phoenix-az/staff-solar-performance-engineer-solar-multiple-locations/AC9A6A21696144A9BD2847EA05E619BE/job/?vs=20","2025-12-30: its storage leads said they expect more C&I 'Bring Your Own Batteries' projects in 2026; EPC on Georgia Power's 260 MW/1 GWh BESS that broke ground 2026-03-31","2"
"Black & Veatch","bv.com","Overland Park, KS","EPC/Electrical contractor (engineering firm)","~12,400 (2026 est.)","Geotab EV Suitability Assessment plus its own modeling for fleet EV planning (Geotab Marketplace listing); own BV Con-X modular EV charging product","EV charging / fleet electrification advisory; Technology, Industrial & Governments sector (commercial enterprises)","Screen many fleet depots at once for grid capacity, charger + storage layout and a first estimate","Large consultancy with its own methods and products; long procurement","https://www.bv.com/en-US/news/black-and-veatch-positioned-for-human-critical-infrastructure-growth-across-energy-power-and-water | https://marketplace.geotab.com/solutions/black-veatch/","2026-03-23: reorganized around critical infrastructure; its TIG sector now targets data centers, commercial enterprises and industrial manufacturing","1"
"Faith Technologies (FTI) / EnTech Solutions","faithtechinc.com","Menasha, WI","EPC/Electrical contractor","~1,800-2,500 (third-party estimates)","","EnTech Solutions (distributed energy: solar, storage, microgrids) and regional C&I sales","Proposal-grade site design, storage sizing, estimate and financing for Midwest and Southern C&I and agricultural microgrids; white label for its electrical-contracting sales","Growth focus is modular manufacturing and data centers, so DER may be a small unit; tools not public","https://www.madeinalabama.com/2026/02/faith-technologies-to-invest-79-million-in-opelika-manufacturing-expansion/ | https://www.faithtechinc.com/divisions/entech-solutions/","2026-02: announced a $79M modular manufacturing plant in Opelika, AL (an Olathe, KS expansion was also reported in July 2026)","2"
"Mortenson","mortenson.com","Minneapolis, MN","EPC/Electrical contractor","~6,300-7,000","AutoCAD, PVcase, PVFarm, PVsyst (PV Engineer job post)","Solar/storage preconstruction and proposal engineering","Limited: early feasibility packages for smaller developer clients","Utility-scale EPC with a full design stack, now building in-house controls; low odds","https://pv-magazine-usa.com/2026/04/13/mortenson-acquires-nor-cal-controls-to-bolster-utility-scale-solar-integration-capabilities/ | https://www.mortenson.com/careers/solar-group/pv-engineer-i-and-ii-solar-23008","2026-04-13: acquired Nor-Cal Controls (solar/BESS/microgrid controls); ranked #1 energy-storage contractor on Solar Power World's 2026 list","1"
"PowerSecure (Southern Company)","powersecure.com","Wake Forest, NC","Utility program/subsidiary","~750-870 (third-party estimates, 2026)","AutoCAD Electrical (electrical designer job post); own PowerBlocks and switchgear products","Distributed infrastructure sales and field application engineers who support AEC firms and electric co-ops (NRTC channel)","Fast screening, sizing, one-line and estimate for co-op and C&I microgrid leads; white label for the AEC firms and co-ops it works through","Southern Company procurement; strong in-house engineering; hardware-led","https://www.prnewswire.com/news-releases/powersecure-executes-agreement-with-keel-infrastructure-to-support-moses-lake-data-center-campus-302873574.html | https://www.prnewswire.com/news-releases/powersecure-to-deliver-advanced-energy-storage-and-solar-for-precorp-strengthening-rural-grid-resiliency-302744346.html | https://builtin.com/job/electrical-design-engineer-autocad-electrical/10099184","2026-09-09: agreed to design and deliver standby power for Keel Infrastructure's Moses Lake (WA) data-center campus; 2026-04-17: co-op solar+storage microgrid with PRECorp and NRTC","3"
"Duke Energy One (Duke Energy)","energyservices.duke-energy.com","Charlotte, NC","Utility program/subsidiary","not disclosed (unit of Duke Energy)","","Duke Energy One solutions sales for large power users (backup power, distributed generation, fleet electrification)","Site-level proposals that combine backup, storage, solar and EV charging with an as-a-service price, fast enough for field sales","Unregulated unit inside a large utility; long procurement; no public tool evidence","https://energyservices.duke-energy.com/resources/reintroducing-duke-energy-one/ | https://www.utilitydive.com/news/duke-energy-earnings-anderson-gas-plant/819428/","2026-05-06: Duke reported 2.7 GW of new data-center agreements in Q1 2026 (7.6 GW executed); Duke Energy One is the arm that sells on-site power and resilience to large users","2"
"DTE Vantage (DTE Energy)","dtevantage.com","Ann Arbor, MI","Utility program/subsidiary","~530 (third-party estimate)","","Custom energy solutions / behind-the-meter generation for data-center and industrial customers","Early siting and on-site power option screening for data-center and industrial prospects","CHP and RNG-centric bespoke engineering; limited solar/storage volume","https://www.investing.com/news/company-news/dte-q2-2026-slides-data-center-deals-fuel-growth-despite-earnings-miss-93CH-4817232 | https://dtevantage.com/data-center-energy-infrastructure/","2026-07-28: Q2 2026 Vantage operating earnings rose $14M on new custom energy solutions projects; pitching behind-the-meter generation to data centers","1"
"Green Mountain Power","greenmountainpower.com","Colchester, VT","Utility program/subsidiary (regulated utility)","~200-350 (third-party estimates vary)","","Resiliency Zones / innovation team (distribution-circuit microgrids, utility and mobile batteries)","Screen circuits and host sites for resiliency-zone microgrids and battery placement, with sizing and hourly dispatch","Small regulated utility budget; home-battery programs already run on Tesla and Enphase","https://mgrid.org/2026/08/28/doe-clears-green-mountain-powers-8-unit-mobile-battery-pilot-for-construction-under-nomads-new-owner/ | https://greenmountainpower.com/news/gmp-resiliency-zones/","2026-08-26: DOE cleared its $19M, eight-unit (1 MW each) mobile battery pilot for construction across five sites","2"
"Entergy (Entergy New Orleans)","entergy.com","New Orleans, LA","Utility program/subsidiary (regulated utility)","~12,000 (2025)","","Entergy New Orleans Neighborhood Power Plan team and its third-party administrator","Screen and size ~220 community-institution solar+battery sites quickly; white-labeled intake and design portal for the local installers the plan is designed to employ","Council-driven, regulated procurement; the third-party administrator may bring its own tools","https://hoodline.com/2026/09/new-orleans-battery-plan-grows-as-council-pushes-entergy-for-october-deadline/","2026-09-24: New Orleans council pushed Entergy New Orleans to file the $30M Neighborhood Power Plan implementation plan by 2026-10-31 (~800 homes, ~220 businesses/institutions)","2"
"Dominion Energy","dominionenergy.com","Richmond, VA","Utility program/subsidiary (regulated utility)","~15,200 (end-2025)","","Distributed solar development team (utility-owned sites of 3 MW or less)","Screen dozens of candidate sites of 3 MW or less for locational grid benefit, layout and interconnection before committing","Regulated utility with long procurement cycles; no public tool evidence","https://www.dominionenergy.com/about/delivering-energy/solar-energy-projects/virginia-solar-projects | https://www.dominionenergy.com/about/delivering-energy/renewable-projects/solar-onshore-wind-and-energy-storage-proposals","2026-09: its 3 MW Racefield distributed solar site entered operation; PPA RFP that accepts distributed projects of 3 MW or less with locational grid benefits expected 2026-10-01","2"
"Generac","generac.com","Waukesha, WI","Battery OEM/integrator","~9,200 (2024)","Own free dealer sizing tools (Power Design Pro generator sizing; PWRcell system sizing tools)","C&I energy storage (PowerPlay SBE batteries) and industrial dealer channel programs","White-label C&I storage + generator microgrid design, sizing, dispatch and financing for industrial dealers who now sell SBE batteries","Large enterprise with a long cycle; must complement, not replace, its own free sizing tools","https://www.prnewswire.com/news-releases/generac-and-cpower-expand-access-to-der-technologies-to-support-resiliency-energy-costs-and-grid-capacity-302733861.html | https://www.generac.com/resources-and-tools/ce-installer-resources/system-sizing-tools","2026-04-07: partnered with CPower to deploy C&I batteries, generators and microgrids across PJM through its industrial dealer network; new C&I plant in Sussex, WI due Q4 2026","3"
"Fortress Power","fortresspower.com","Langhorne, PA","Battery OEM/integrator","~60 (third-party estimates)","Own free installer tools: System Designer / recommendation tool, PV string sizer, wiring validator","Dealer program and the commercial (eSpire Nano) product team","Residential installers moving into small C&I need tariff analysis, sizing, dispatch, plan sets and financing: white-label that for them under the Fortress brand","Small company with a limited budget; own product-locked sizing tools","https://pv-magazine-usa.com/press-releases/fortress-power-launches-espire-nano-a-compact-high-performance-energy-storage-system-for-small-medium-commercial-applications/ | https://www.fortresspower.com/dealers/installer-tools/","2026-04-28: launched eSpire Nano (30/60 kW, 40/60 kWh) small and medium C&I storage aimed at installers moving from residential to commercial","3"
"FranklinWH","franklinwh.com","San Jose, CA","Battery OEM/integrator","~100-300 (third-party estimates)","Own installer app (FHP) for commissioning; no public design tool found","Installer partner program and the utility/municipal program team","White-label sizing and proposals for its installer partners and for city and utility pilots","Residential whole-home focus; limited C&I need; mid-size company","https://www.morningstar.com/news/pr-newswire/20260428cn43856/franklinwh-systems-to-power-first-us-city-owned-residential-solar-and-battery-pilot | https://www.franklinwh.com/news/3000-installation-partners-choose-franklinwh-now-the-go-to-brand-for-whole-home-energy-solutions","2026-04-28: began installs for Ann Arbor's city-owned residential solar+battery pilot (~150 homes, 1,000 planned in 2027); 3,000+ installer partners (2025-05-23)","2"
"Qcells North America (Hanwha Qcells)","us.qcells.com","Irvine, CA","Battery OEM/integrator (modules, ESS, EPC)","~4,000 in Georgia targeted by end-2026 (company)","Aurora offered to Q.PARTNER installers (partnership); EnFin financing arm","Q.PARTNER installer program; new Qcells New Homes division","Limited: storage and C&I proposals beyond Aurora's residential strength","Installer channel already tied to Aurora; large foreign-parent procurement","https://pv-magazine-usa.com/2026/03/31/qcells-launches-turnkey-solar-and-storage-program-for-new-home-construction/ | https://us.qcells.com/blog/qcells-announces-partnership-with-solar-design-and-sales-software-maker-aurora-solar/","2026-03-31: launched Qcells New Homes (turnkey solar+storage for homebuilders, financed via EnFin); 2026-02-05: 5 GWh BESS supply deal with LG ES Vertech for its EPC arm","1"
"sonnen Inc (US)","sonnenusa.com","Stone Mountain, GA","Battery OEM/integrator","not disclosed (US arm of sonnen GmbH)","","Certified installer (Elite partner) and VPP partner programs","White-label sizing and proposals for installers adding small-commercial storage to VPP offers","Residential VPP focus with its own VPP software; little C&I design need","https://sonnengroup.com/press/sonnen-virtual-power-plant-texas-expansion/ | https://www.sonnenusa.com/frequently-asked-questions/partner-education","2026-05-27: said US VPP demand is accelerating after its Texas battery-only expansion, scaling toward ~600 MWh of distributed storage","1"
"Enphase Energy","enphase.com","Fremont, CA","Battery OEM/integrator","~2,900 (Dec 2025)","Sells Solargraf design, proposal and permitting software to installers","none (competitor)","None: sells competing design/proposal software to the same installers","competitor: do not demo","https://www.solargraf.com/ | https://enerflo.com/resources/enerflo-solargraf-3d-solar-design-tool-integration","2026-04-30: Enerflo integrated Solargraf's 3D design tool into its residential sales platform","1"
"SolarEdge","solaredge.com","Herzliya, Israel (US ops in California)","Battery OEM/integrator","3,576 (Dec 2025; 355 in the US)","SolarEdge Designer: free browser-based design, simulation and proposal tool for its installers","none (competitor)","None: gives its installers a competing design and proposal tool","competitor: do not demo","https://www.solaredge.com/en/products/software-tools/designer | https://www.solarpowerworldonline.com/2026/07/solaredges-modular-inverter-storage-solution-enters-us-market/","2026-07-02: launched its Nexis modular solar+storage platform in the US","1"
